code,description,subject,week_introduced,weeks_practiced,weeks_assessed
4.RI.1,"Refer to details and examples in a text when explaining what the text says explicitly and when drawing inferences from the text.",ELA,1,,
4.RI.2,"Determine the main idea of a text and explain how it is supported by key details; summarize the text.",ELA,1,,
4.RI.3,"Explain events procedures ideas or concepts in a historical scientific or technical text including what happened and why based on specific information in the text.",ELA,2,,
4.RI.4,"Determine the meaning of general academic and domain-specific words or phrases in a text relevant to a grade 4 topic or subject area.",ELA,1,,
4.RI.5,"Describe the overall structure of events ideas concepts or information in a text or part of a text.",ELA,3,,
4.RI.6,"Compare and contrast a firsthand and secondhand account of the same event or topic; describe the differences in focus and the information provided.",ELA,5,,
4.RI.7,"Interpret information presented visually orally or quantitatively and explain how the information contributes to an understanding of the text in which it appears.",ELA,2,,
4.RI.8,"Explain how an author uses reasons and evidence to support particular points in a text.",ELA,4,,
4.RI.9,"Integrate information from two texts on the same topic in order to write or speak about the subject knowledgeably.",ELA,6,,
4.W.1,"Write opinion pieces on topics or texts supporting a point of view with reasons and information.",ELA,3,,
4.W.2,"Write informative/explanatory texts to examine a topic and convey ideas and information clearly.",ELA,2,,
4.W.3,"Write narratives to develop real or imagined experiences or events using effective technique descriptive details and clear event sequences.",ELA,5,,
4.W.4,"Produce clear and coherent writing in which the development and organization are appropriate to task purpose and audience.",ELA,1,,
4.W.7,"Conduct short research projects that build knowledge through investigation of different aspects of a topic.",ELA,6,,
4.W.8,"Recall relevant information from experiences or gather relevant information from print and digital sources; take notes and categorize information.",ELA,3,,
4.W.9,"Draw evidence from literary or informational texts to support analysis reflection and research.",ELA,4,,
4.SL.1,"Engage effectively in a range of collaborative discussions with diverse partners on grade 4 topics and texts building on others ideas and expressing their own clearly.",ELA,1,,
4.SL.2,"Paraphrase portions of a text read aloud or information presented in diverse media and formats.",ELA,2,,
4.SL.3,"Identify the reasons and evidence a speaker provides to support particular points.",ELA,4,,
4.SL.4,"Report on a topic or text tell a story or recount an experience in an organized manner using appropriate facts and relevant descriptive details to support main ideas or themes.",ELA,5,,
4.L.1-3,"Demonstrate command of the conventions of standard English grammar usage capitalization punctuation and spelling when writing. Use knowledge of language and its conventions when writing speaking reading or listening.",ELA,1,,
