code,description,subject,week_introduced,weeks_practiced,weeks_assessed
4.OA.1,"Interpret a multiplication equation as a comparison. Represent verbal statements of multiplicative comparisons as multiplication equations.",Math,28,,
4.OA.2,"Multiply or divide to solve word problems involving multiplicative comparison using drawings and equations with a symbol for the unknown.",Math,28,,
4.OA.3,"Solve multistep word problems posed with whole numbers and having whole-number answers using the four operations including problems in which remainders must be interpreted.",Math,29,,
4.OA.4,"Find all factor pairs for a whole number in the range 1-100. Recognize that a whole number is a multiple of each of its factors. Determine whether a given whole number is prime or composite.",Math,30,,
4.OA.5,"Generate a number or shape pattern that follows a given rule. Identify apparent features of the pattern that were not explicit in the rule itself.",Math,31,,
4.NBT.1,"Recognize that in a multi-digit whole number a digit in one place represents ten times what it represents in the place to its right.",Math,1,,
4.NBT.2,"Read and write multi-digit whole numbers using base-ten numerals number names and expanded form. Compare two multi-digit numbers based on meanings of the digits in each place.",Math,1,,
4.NBT.3,"Use place value understanding to round multi-digit whole numbers to any place.",Math,2,,
4.NBT.4,"Fluently add and subtract multi-digit whole numbers using the standard algorithm.",Math,3,,
4.NBT.5,"Multiply a whole number of up to four digits by a one-digit whole number and multiply two two-digit numbers using strategies based on place value and the properties of operations.",Math,5,,
4.NBT.6,"Find whole-number quotients and remainders with up to four-digit dividends and one-digit divisors using strategies based on place value the properties of operations and/or the relationship between multiplication and division.",Math,8,,
4.NF.1,"Explain why a fraction a/b is equivalent to a fraction (n x a)/(n x b) by using visual fraction models with attention to how the number and size of the parts differ even though the two fractions themselves are the same size.",Math,10,,
4.NF.2,"Compare two fractions with different numerators and different denominators. Recognize that comparisons are valid only when the two fractions refer to the same whole.",Math,11,,
4.NF.3a,"Understand addition and subtraction of fractions as joining and separating parts referring to the same whole.",Math,12,,
4.NF.3b,"Decompose a fraction into a sum of fractions with the same denominator in more than one way recording each decomposition by an equation.",Math,12,,
4.NF.3c,"Add and subtract mixed numbers with like denominators.",Math,13,,
4.NF.3d,"Solve word problems involving addition and subtraction of fractions referring to the same whole and having like denominators.",Math,13,,
4.NF.4a,"Understand a fraction a/b as a multiple of 1/b.",Math,14,,
4.NF.4b,"Understand a multiple of a/b as a multiple of 1/b and use this understanding to multiply a fraction by a whole number.",Math,14,,
4.NF.4c,"Solve word problems involving multiplication of a fraction by a whole number.",Math,15,,
4.NF.5,"Express a fraction with denominator 10 as an equivalent fraction with denominator 100 and use this technique to add two fractions with respective denominators 10 and 100.",Math,16,,
4.NF.6,"Use decimal notation for fractions with denominators 10 or 100.",Math,17,,
4.NF.7,"Compare two decimals to hundredths by reasoning about their size.",Math,17,,
4.MD.1,"Know relative sizes of measurement units within one system of units. Within a single system of measurement express measurements in a larger unit in terms of a smaller unit.",Math,19,,
4.MD.2,"Use the four operations to solve word problems involving distances intervals of time liquid volumes masses of objects and money.",Math,20,,
4.MD.3,"Apply the area and perimeter formulas for rectangles in real world and mathematical problems.",Math,21,,
4.MD.4,"Make a line plot to display a data set of measurements in fractions of a unit (1/2 1/4 1/8).",Math,22,,
4.MD.5,"Recognize angles as geometric shapes that are formed wherever two rays share a common endpoint and understand concepts of angle measurement.",Math,23,,
4.MD.6,"Measure angles in whole-number degrees using a protractor. Sketch angles of specified measure.",Math,23,,
4.MD.7,"Recognize angle measure as additive. Solve addition and subtraction problems to find unknown angles on a diagram in real world and mathematical problems.",Math,24,,
4.G.1,"Draw points lines line segments rays angles (right acute obtuse) and perpendicular and parallel lines. Identify these in two-dimensional figures.",Math,25,,
4.G.2,"Classify two-dimensional figures based on the presence or absence of parallel or perpendicular lines or the presence or absence of angles of a specified size.",Math,26,,
4.G.3,"Recognize a line of symmetry for a two-dimensional figure. Identify line-symmetric figures and draw lines of symmetry.",Math,27,,
