code,description,subject,week_introduced,weeks_practiced,weeks_assessed
4-G1.0.1,"Identify and describe the physical features of Michigan including landforms bodies of water climate vegetation and animal life.",Social Studies,1,,
4-G1.0.2,"Use geographic tools and information to investigate questions about the location of places and regions in Michigan.",Social Studies,2,,
4-H3.0.1,"Use primary and secondary sources to describe life in Michigan before European contact including the Anishinaabe peoples.",Social Studies,3,,
4-H3.0.2,"Describe the cultures of the Three Fires Confederacy (Ojibwe Odawa Potawatomi) including governance trade and daily life.",Social Studies,4,,
4-H3.0.3,"Explain the effects of European contact on Michigan's Indigenous peoples through the fur trade.",Social Studies,5,,
4-H3.0.4,"Analyze the impact of the French and British presence on the peoples and land that became Michigan.",Social Studies,6,,
4-H3.0.5,"Describe key events and people during the British period in Michigan including Pontiac's resistance.",Social Studies,7,,
4-H3.0.6,"Explain how the American Revolution affected Michigan and its diverse peoples.",Social Studies,8,,
4-H3.0.7,"Describe Michigan's pathway from territory to statehood in 1837.",Social Studies,10,,
4-H3.0.8,"Explain patterns of immigration to Michigan and their effects on communities.",Social Studies,11,,
4-C1.0.1,"Describe the structure of Michigan state government including the three branches and their functions.",Social Studies,12,,
4-C1.0.2,"Explain how state government decisions affect the daily lives of Michigan citizens.",Social Studies,13,,
4-E1.0.1,"Describe the natural resources and economic activities that shaped early Michigan (lumber mining agriculture).",Social Studies,14,,
4-E1.0.2,"Analyze the role of labor including child labor and exploitation in Michigan's economic development.",Social Studies,15,,
4-E1.0.3,"Describe the development of transportation networks in Michigan and their effect on trade and settlement.",Social Studies,16,,
4-H3.0.9,"Explain Michigan's role in the Civil War era including the Underground Railroad and abolitionist movements.",Social Studies,17,,
4-H3.0.10,"Describe the growth of industry in Michigan including the automobile industry and its effects on workers and communities.",Social Studies,19,,
4-E2.0.1,"Explain the development of the labor movement in Michigan including unions strikes and workers rights.",Social Studies,20,,
4-H3.0.11,"Describe the Great Migration and its effects on Michigan's cities culture and demographics.",Social Studies,21,,
4-C3.0.1,"Describe the civil rights movement in Michigan and ongoing efforts toward equity.",Social Studies,22,,
4-C3.0.2,"Explain ways citizens can participate in civic life to promote the common good.",Social Studies,25,,
4-C3.0.3,"Research a current issue in Michigan and propose informed solutions.",Social Studies,26,,
