subject,code,description,status,week_introduced,week_proficient,notes
Math,4.OA.1,"Interpret a multiplication equation as a comparison",Not Introduced,,,
Math,4.OA.2,"Multiply or divide to solve word problems involving multiplicative comparison",Not Introduced,,,
Math,4.OA.3,"Solve multistep word problems with whole numbers using four operations",Not Introduced,,,
Math,4.OA.4,"Find factor pairs; determine prime or composite",Not Introduced,,,
Math,4.OA.5,"Generate number or shape patterns following a rule",Not Introduced,,,
Math,4.NBT.1,"Recognize digit value is ten times the place to its right",Not Introduced,,,
Math,4.NBT.2,"Read write and compare multi-digit whole numbers",Not Introduced,,,
Math,4.NBT.3,"Round multi-digit whole numbers to any place",Not Introduced,,,
Math,4.NBT.4,"Fluently add and subtract multi-digit whole numbers",Not Introduced,,,
Math,4.NBT.5,"Multiply up to 4-digit by 1-digit and 2-digit by 2-digit",Not Introduced,,,
Math,4.NBT.6,"Divide up to 4-digit by 1-digit with remainders",Not Introduced,,,
Math,4.NF.1,"Explain equivalent fractions using visual models",Not Introduced,,,
Math,4.NF.2,"Compare fractions with different numerators and denominators",Not Introduced,,,
Math,4.NF.3,"Add and subtract fractions and mixed numbers with like denominators",Not Introduced,,,
Math,4.NF.4,"Multiply fractions by whole numbers",Not Introduced,,,
Math,4.NF.5,"Fractions with denominators 10 and 100",Not Introduced,,,
Math,4.NF.6,"Decimal notation for fractions",Not Introduced,,,
Math,4.NF.7,"Compare decimals to hundredths",Not Introduced,,,
Math,4.MD.1,"Measurement unit conversions within a system",Not Introduced,,,
Math,4.MD.2,"Word problems with measurement",Not Introduced,,,
Math,4.MD.3,"Area and perimeter of rectangles",Not Introduced,,,
Math,4.MD.4,"Line plots with fractions",Not Introduced,,,
Math,4.MD.5,"Understand angle measurement concepts",Not Introduced,,,
Math,4.MD.6,"Measure and sketch angles with protractor",Not Introduced,,,
Math,4.MD.7,"Angle addition — solve for unknown angles",Not Introduced,,,
Math,4.G.1,"Draw and identify points lines rays angles parallel perpendicular",Not Introduced,,,
Math,4.G.2,"Classify 2D figures by properties",Not Introduced,,,
Math,4.G.3,"Line symmetry",Not Introduced,,,
Science,4-PS3-1,"Relate speed to energy using evidence",Not Introduced,,,
Science,4-PS3-2,"Evidence that energy transfers (sound light heat electric)",Not Introduced,,,
Science,4-PS3-3,"Questions about energy changes in collisions",Not Introduced,,,
Science,4-PS3-4,"Design device that converts energy forms",Not Introduced,,,
Science,4-PS4-1,"Model waves: amplitude wavelength and motion",Not Introduced,,,
Science,4-PS4-2,"Model light reflection and vision",Not Introduced,,,
Science,4-PS4-3,"Solutions using patterns to transfer information",Not Introduced,,,
Science,4-LS1-1,"Plant/animal structures supporting survival",Not Introduced,,,
Science,4-LS1-2,"Animal senses and information processing",Not Introduced,,,
Science,4-ESS2-1,"Evidence of weathering and erosion",Not Introduced,,,
Science,4-ESS2-2,"Interpret maps for Earth feature patterns",Not Introduced,,,
Science,4-ESS3-1,"Energy and fuels from natural resources",Not Introduced,,,
Science,4-ESS3-2,"Solutions to reduce natural Earth process impacts",Not Introduced,,,
Science,4-ETS1-1,"Define design problem with criteria and constraints",Not Introduced,,,
Science,4-ETS1-2,"Generate and compare solutions to a problem",Not Introduced,,,
Science,4-ETS1-3,"Plan and carry out fair tests to improve prototypes",Not Introduced,,,
Social Studies,4-G1.0.1,"Michigan physical features: landforms bodies of water climate",Not Introduced,,,
Social Studies,4-G1.0.2,"Use geographic tools to investigate Michigan locations",Not Introduced,,,
Social Studies,4-H3.0.1,"Life in Michigan before European contact (Anishinaabe)",Not Introduced,,,
Social Studies,4-H3.0.2,"Three Fires Confederacy: governance trade daily life",Not Introduced,,,
Social Studies,4-H3.0.3,"Effects of European contact through fur trade",Not Introduced,,,
Social Studies,4-H3.0.4,"French and British impact on Michigan peoples and land",Not Introduced,,,
Social Studies,4-H3.0.5,"British period and Pontiac's resistance",Not Introduced,,,
Social Studies,4-H3.0.6,"American Revolution effects on Michigan",Not Introduced,,,
Social Studies,4-H3.0.7,"Michigan territory to statehood (1837)",Not Introduced,,,
Social Studies,4-H3.0.8,"Immigration patterns to Michigan",Not Introduced,,,
Social Studies,4-C1.0.1,"Michigan state government structure",Not Introduced,,,
Social Studies,4-C1.0.2,"How state government affects daily life",Not Introduced,,,
Social Studies,4-E1.0.1,"Natural resources and early Michigan economy",Not Introduced,,,
Social Studies,4-E1.0.2,"Labor and exploitation in Michigan economic development",Not Introduced,,,
Social Studies,4-E1.0.3,"Transportation networks and trade in Michigan",Not Introduced,,,
Social Studies,4-H3.0.9,"Michigan in Civil War era and Underground Railroad",Not Introduced,,,
Social Studies,4-H3.0.10,"Michigan industrialization and auto industry",Not Introduced,,,
Social Studies,4-E2.0.1,"Labor movement: unions strikes workers rights",Not Introduced,,,
Social Studies,4-H3.0.11,"Great Migration effects on Michigan",Not Introduced,,,
Social Studies,4-C3.0.1,"Civil rights movement in Michigan",Not Introduced,,,
Social Studies,4-C3.0.2,"Civic participation for the common good",Not Introduced,,,
Social Studies,4-C3.0.3,"Research current Michigan issue and propose solutions",Not Introduced,,,
ELA,4.RI.1,"Refer to details and examples when explaining text",Not Introduced,,,
ELA,4.RI.2,"Determine main idea; summarize text",Not Introduced,,,
ELA,4.RI.3,"Explain events/procedures/ideas in informational text",Not Introduced,,,
ELA,4.RI.4,"Determine meaning of domain-specific words in text",Not Introduced,,,
ELA,4.RI.5,"Describe overall structure of a text",Not Introduced,,,
ELA,4.RI.6,"Compare firsthand and secondhand accounts",Not Introduced,,,
ELA,4.RI.7,"Interpret visual/oral/quantitative information in text",Not Introduced,,,
ELA,4.RI.8,"Explain how author uses reasons and evidence",Not Introduced,,,
ELA,4.RI.9,"Integrate information from two texts on same topic",Not Introduced,,,
ELA,4.W.1,"Write opinion pieces with reasons and information",Not Introduced,,,
ELA,4.W.2,"Write informative/explanatory texts",Not Introduced,,,
ELA,4.W.3,"Write narratives with technique and detail",Not Introduced,,,
ELA,4.W.4,"Produce clear coherent writing appropriate to task",Not Introduced,,,
ELA,4.W.7,"Conduct short research projects",Not Introduced,,,
ELA,4.W.8,"Gather relevant information; take notes and categorize",Not Introduced,,,
ELA,4.W.9,"Draw evidence from texts to support analysis",Not Introduced,,,
ELA,4.SL.1,"Engage in collaborative discussions on grade 4 topics",Not Introduced,,,
ELA,4.SL.2,"Paraphrase text read aloud or diverse media",Not Introduced,,,
ELA,4.SL.3,"Identify reasons and evidence a speaker provides",Not Introduced,,,
ELA,4.SL.4,"Report on topic with organized facts and details",Not Introduced,,,
ELA,4.L.1-3,"Command of English conventions in writing and speaking",Not Introduced,,,
